servant-id,stat-id,value,max-value
2,1,16,null
2,2,1734,11221
2,3,2222,15150
2,4,102,null
2,5,10,null
2,6,0.86,null
2,7,3,null
2,8,21,null
3,1,12,null
3,2,1708,10248
3,3,1854,11589
3,4,99,null
3,5,9.9,null
3,6,0.86,null
3,7,3,null
3,8,19.2,null
4,1,12,null
4,2,1287,7726
4,3,1699,10623
4,4,102,null
4,5,10,null
4,6,0.86,null
4,7,3,null
4,8,21,null
5,1,12,null
5,2,1574,9449
5,3,1880,11753
5,4,102,null
5,5,10.1,null
5,6,0.84,null
5,7,3,null
5,8,24.5,null
6,1,12,null
6,2,1363,8181
6,3,2266,14165
6,4,97,null
6,5,10,null
6,6,0.83,null
6,7,3,null
6,8,28,null
7,1,7,null
7,2,1392,7497
7,3,1727,9595
7,4,99,null
7,5,10,null
7,6,1.1,null
7,7,3,null
7,8,31.5,null
8,1,16,null
8,2,1907,12343
8,3,2039,13907
8,4,102,null
8,5,10.1,null
8,6,0.84,null
8,7,3,null
8,8,24.5,null
9,1,7,null
9,2,1228,6615
9,3,1889,10498
9,4,98,null
9,5,9.9,null
9,6,0.82,null
9,7,3,null
9,8,31.5,null
10,1,12,null
10,2,1460,8765
10,3,2121,13256
10,4,102,null
10,5,10,null
10,6,0.83,null
10,7,3,null
10,8,28,null
68,1,16,null
68,2,1865,12068
68,3,1939,13225
68,4,98,null
68,5,10.2,null
68,6,1.09,null
68,7,3,null
68,8,35,null
72,1,7,null
72,2,1385,7460
72,3,1761,9786
72,4,99,null
72,5,10,null
72,6,1.09,null
72,7,3,null
72,8,35,null
76,1,16,null
76,2,1811,11723
76,3,2153,14680
76,4,98,null
76,5,10,null
76,6,0.56,null
76,7,3,null
76,8,24.5,null
90,1,16,null
90,2,1793,11607
90,3,2089,14248
90,4,102,null
90,5,10.1,null
90,6,0.7,null
90,7,3,null
90,8,35,null
91,1,16,null
91,2,1656,10721
91,3,2266,15453
91,4,102,null
91,5,9.9,null
91,6,0.84,null
91,7,3,null
91,8,24.5,null
101,1,12,null
101,2,1642,9854
101,3,1901,11993
101,4,100,null
101,5,10.2,null
101,6,0.84,null
101,7,3,null
101,8,24.5,null
121,1,12,null
121,2,1658,9949
121,3,1854,11589
121,4,100,null
121,5,10,null
121,6,0.83,null
121,7,3,null
121,8,28,null
123,1,12,null
123,2,1695,10173
123,3,1827,11419
123,4,102,null
123,5,10,null
123,6,1.14,null
123,7,3,null
123,8,21,null
126,1,7,null
126,2,1416,7627
126,3,1727,9595
126,4,100,null
126,5,10.2,null
126,6,1.11,null
126,7,3,null
126,8,28,null
138,1,12,null
138,2,1649,9899
138,3,1799,11248
138,4,100,null
138,5,9.9,null
138,6,0.55,null
138,7,3,null
138,8,28,null
153,1,16,null
153,2,1860,12037
153,3,1999,13635
153,4,100,null
153,5,10,null
153,6,0.87,null
153,7,3,null
153,8,35,null
160,1,16,null
160,2,1926,12465
160,3,2049,13975
160,4,100,null
160,5,10,null
160,6,0.84,null
160,7,3,null
160,8,24.5,null
165,1,12,null
165,2,1590,9544
165,3,1880,11753
165,4,100,null
165,5,10.2,null
165,6,0.57,null
165,7,3,null
165,8,21,null
176,1,12,null
176,2,1558,9353
176,3,1919,11993
176,4,102,null
176,5,9.9,null
176,6,0.7,null
176,7,3,null
176,8,31.5,null
187,1,12,null
187,2,1666,9999
187,3,1781,11135
187,4,100,null
187,5,10.3,null
187,6,0.81,null
187,7,3,null
187,8,35,null
213,1,16,null
213,2,1926,12465
213,3,2049,13975
213,4,97,null
213,5,10,null
213,6,0.62,null
213,7,3,null
213,8,28,null
221,1,12,null
221,2,1336,8017
221,3,2177,13609
221,4,104,null
221,5,10,null
221,6,0.72,null
221,7,3,null
221,8,31.5,null
223,1,12,null
223,2,1674,10048
223,3,1818,11362
223,4,97,null
223,5,10.2,null
223,6,0.73,null
223,7,3,null
223,8,31.5,null
227,1,12,null
227,2,1518,9112
227,3,2020,12625
227,4,98,null
227,5,10.2,null
227,6,0.65,null
227,7,3,null
227,8,31.5,null
234,1,16,null
234,2,1793,11607
234,3,2047,13960
234,4,100,null
234,5,10.3,null
234,6,0.56,null
234,7,3,null
234,8,24.5,null
245,1,12,null
245,2,1658,9949
245,3,1818,11362
245,4,96,null
245,5,10,null
245,6,1.01,null
245,7,3,null
245,8,28,null
254,1,3,null
254,2,992,5457
254,3,1515,7575
254,4,102,null
254,5,10,null
254,6,0.37,null
254,7,3,null
254,8,31.5,null
264,1,12,null
264,2,1564,9389
264,3,1899,11873
264,4,99,null
264,5,10,null
264,6,0.46,null
264,7,3,null
264,8,28.8,null
270,1,16,null
270,2,1807,11694
270,3,2089,14248
270,4,103,null
270,5,10.1,null
270,6,0.52,null
270,7,3,null
270,8,24.5,null
278,1,16,null
278,2,1829,11840
278,3,2174,14824
278,4,99,null
278,5,10,null
278,6,0.51,null
278,7,3,null
278,8,28,null
290,1,12,null
290,2,1590,9544
290,3,1957,12233
290,4,102,null
290,5,10,null
290,6,0.55,null
290,7,3,null
290,8,24.5,null
293,1,12,null
293,2,1570,9425
293,3,1899,11873
293,4,102,null
293,5,10,null
293,6,0.76,null
293,7,3,null
293,8,35,null
298,1,12,null
298,2,1687,10123
298,3,1799,11248
298,4,100,null
298,5,10.2,null
298,6,0.6,null
298,7,3,null
298,8,28,null
299,1,16,null
299,2,1964,12709
299,3,1979,13498
299,4,98,null
299,5,9.9,null
299,6,0.78,null
299,7,3,null
299,8,17.5,null
301,1,12,null
301,2,1530,9180
301,3,2060,12877
301,4,99,null
301,5,10.2,null
301,6,0.78,null
301,7,3,null
301,8,31.5,null
302,1,16,null
302,2,1757,11373
302,3,2153,14680
302,4,100,null
302,5,9.8,null
302,6,0.59,null
302,7,3,null
302,8,35,null
310,1,12,null
310,2,1453,8721
310,3,2163,13521
310,4,99,null
310,5,10.2,null
310,6,0.74,null
310,7,3,null
310,8,28,null
317,1,16,null
317,2,1926,12465
317,3,1999,13635
317,4,98,null
317,5,10,null
317,6,0.67,null
317,7,3,null
317,8,24.5,null
337,1,16,null
337,2,1838,11898
337,3,2089,14248
337,4,100,null
337,5,10.2,null
337,6,0.43,null
337,7,3,null
337,8,21,null
343,1,16,null
343,2,1856,12015
343,3,2089,14248
343,4,102,null
343,5,10,null
343,6,0.48,null
343,7,3,null
343,8,21,null
344,1,12,null
344,2,1614,9687
344,3,1966,12293
344,4,100,null
344,5,10,null
344,6,0.83,null
344,7,3,null
344,8,28,null
354,1,12,null
354,2,1353,8119
354,3,2205,13783
354,4,98,null
354,5,10.2,null
354,6,0.82,null
354,7,3,null
354,8,31.5,null
363,1,12,null
363,2,1454,8726
363,3,1999,12498
363,4,98,null
363,5,9.9,null
363,6,0.81,null
363,7,3,null
363,8,35,null
379,1,12,null
379,2,1666,9999
379,3,1799,11248
379,4,102,null
379,5,10,null
379,6,0.83,null
379,7,3,null
379,8,28,null
384,1,16,null
384,2,1856,12015
384,3,2089,14248
384,4,97,null
384,5,9.9,null
384,6,1.14,null
384,7,3,null
384,8,21,null
396,1,7,null
396,2,1319,7105
396,3,1854,10302
396,4,102,null
396,5,10.2,null
396,6,0.55,null
396,7,3,null
396,8,28,null
402,1,16,null
402,2,1935,12526
402,3,1979,13498
402,4,102,null
402,5,10,null
402,6,0.3,null
402,7,0.3,null
402,8,20.1,null
405,1,12,null
405,2,1666,9999
405,3,1799,11248
405,4,100,null
405,5,10.2,null
405,6,0.42,null
405,7,3,null
405,8,24.5,null
11,1,12,null
11,2,1566,9398
11,3,1843,11521
11,4,145,null
11,5,7.9,null
11,6,0.51,null
11,7,3,null
11,8,31.5,null
12,1,16,null
12,2,1897,12280
12,3,1920,13097
12,4,153,null
12,5,7.9,null
12,6,0.34,null
12,7,3,null
12,8,31.5,null
13,1,7,null
13,2,1247,6715
13,3,1833,10187
13,4,150,null
13,5,8,null
13,6,0.87,null
13,7,3,null
13,8,31.5,null
14,1,12,null
14,2,1438,8633
14,3,1996,12476
14,4,148,null
14,5,8,null
14,6,0.5,null
14,7,3,null
14,8,31.5,null
15,1,7,null
15,2,1306,7032
15,3,1711,9506
15,4,156,null
15,5,7.9,null
15,6,0.9,null
15,7,3,null
15,8,22.5,null
16,1,3,null
16,2,1057,5816
16,3,1424,7122
16,4,147,null
16,5,8,null
16,6,0.84,null
16,7,3,null
16,8,45,null
60,1,16,null
60,2,1716,11107
60,3,2134,14553
60,4,153,null
60,5,8,null
60,6,1,null
60,7,3,null
60,8,27,null
63,1,7,null
63,2,1436,7736
63,3,1555,8643
63,4,153,null
63,5,8,null
63,6,0.76,null
63,7,3,null
63,8,36,null
69,1,12,null
69,2,1582,9494
69,3,1862,11637
69,4,150,null
69,5,7.9,null
69,6,0.43,null
69,7,3,null
69,8,31.5,null
77,1,16,null
77,2,1820,11781
77,3,2027,13825
77,4,147,null
77,5,7.9,null
77,6,0.87,null
77,7,3,null
77,8,31.5,null
84,1,16,null
84,2,1907,12342
84,3,1940,13230
84,4,154,null
84,5,8,null
84,6,0.51,null
84,7,3,null
84,8,31.5,null
95,1,7,null
95,2,1429,7696
95,3,1571,8731
95,4,153,null
95,5,7.9,null
95,6,0.62,null
95,7,3,null
95,8,36,null
105,1,7,null
105,2,1279,6890
105,3,1711,9506
105,4,150,null
105,5,8,null
105,6,0.56,null
105,7,3,null
105,8,45,null
122,1,12,null
122,2,1622,9735
122,3,1862,11637
122,4,145,null
122,5,8.1,null
122,6,0.58,null
122,7,3,null
122,8,31.5,null
125,1,7,null
125,2,1306,7032
125,3,1764,9800
125,4,150,null
125,5,7.8,null
125,6,0.57,null
125,7,3,null
125,8,36,null
129,1,16,null
129,2,1742,11276
129,3,2134,14553
129,4,153,null
129,5,8,null
129,6,0.59,null
129,7,3,null
129,8,25.8,null
131,1,12,null
131,2,1574,9446
131,3,1843,11521
131,4,153,null
131,5,8.1,null
131,6,0.85,null
131,7,3,null
131,8,NaN,null
137,1,12,null
137,2,1640,9845
137,3,1746,10914
137,4,148,null
137,5,8,null
137,6,0.38,null
137,7,3,null
137,8,36,null
142,1,16,null
142,2,1893,12252
142,3,2048,13965
142,4,153,null
142,5,8,null
142,6,0.45,null
142,7,3,null
142,8,22.5,null
156,1,16,null
156,2,1820,11781
156,3,2007,13685
156,4,153,null
156,5,8,null
156,6,0.38,null
156,7,3,null
156,8,31.5,null
157,1,12,null
157,2,1499,8996
157,3,1960,12250
157,4,145,null
157,5,7.9,null
157,6,0.43,null
157,7,3,null
157,8,31.5,null
180,1,12,null
180,2,1574,9446
180,3,1824,11404
180,4,153,null
180,5,8,null
180,6,0.38,null
180,7,3,null
180,8,27,null
184,1,12,null
184,2,1657,9946
184,3,1728,10804
184,4,153,null
184,5,7.9,null
184,6,0.87,null
184,7,3,null
184,8,31.5,null
197,1,12,null
197,2,1626,9759
197,3,1862,11637
197,4,153,null
197,5,8.1,null
197,6,0.59,null
197,7,3,null
197,8,27,null
200,1,12,null
200,2,1716,10299
200,3,1764,11025
200,4,148,null
200,5,7.9,null
200,6,0.59,null
200,7,3,null
200,8,27,null
207,1,12,null
207,2,1549,9294
207,3,1960,12250
207,4,148,null
207,5,8.1,null
207,6,0.68,null
207,7,3,null
207,8,31.5,null
212,1,16,null
212,2,1859,12033
212,3,1920,13097
212,4,150,null
212,5,8,null
212,6,0.59,null
212,7,3,null
212,8,45,null
216,1,16,null
216,2,1626,10525
216,3,2309,15743
216,4,153,null
216,5,8,null
216,6,0.68,null
216,7,3,null
216,8,36,null
246,1,7,null
246,2,1371,7384
246,3,1675,9310
246,4,148,null
246,5,8,null
246,6,0.66,null
246,7,3,null
246,8,45,null
248,1,12,null
248,2,1708,10249
248,3,1799,11245
248,4,153,null
248,5,8.1,null
248,6,0.58,null
248,7,3,null
248,8,31.5,null
255,1,4,null
255,2,1157,6523
255,3,1474,7834
255,4,153,null
255,5,8,null
255,6,0.43,null
255,7,3,null
255,8,30.3,null
262,1,12,null
262,2,1482,8895
262,3,1996,12476
262,4,153,null
262,5,8,null
262,6,0.62,null
262,7,3,null
262,8,27,null
269,1,12,null
269,2,1499,8996
269,3,1999,12495
269,4,153,null
269,5,8,null
269,6,0.71,null
269,7,3,null
269,8,40.5,null
271,1,12,null
271,2,1643,9858
271,3,1772,11080
271,4,153,null
271,5,8,null
271,6,0.6,null
271,7,3,null
271,8,39.3,null
272,1,16,null
272,2,1940,12557
272,3,1979,13494
272,4,153,null
272,5,8,null
272,6,0.96,null
272,7,3,null
272,8,36,null
276,1,16,null
276,2,1888,12218
276,3,1901,12965
276,4,153,null
276,5,8,null
276,6,0.57,null
276,7,3,null
276,8,36,null
286,1,12,null
286,2,1683,10098
286,3,1746,10914
286,4,148,null
286,5,8,null
286,6,0.63,null
286,7,3,null
286,8,31.5,null
294,1,3,null
294,2,930,5116
294,3,1512,7563
294,4,145,null
294,5,7.9,null
294,6,0.75,null
294,7,3,null
294,8,45,null
311,1,12,null
311,2,1575,9455
311,3,1940,12127
311,4,147,null
311,5,8.1,null
311,6,0.58,null
311,7,3,null
311,8,31.5,null
318,1,12,null
318,2,1590,9542
318,3,1806,11288
318,4,148,null
318,5,8,null
318,6,0.57,null
318,7,3,null
318,8,36,null
325,1,12,null
325,2,1639,9831
325,3,1871,11695
325,4,148,null
325,5,8.1,null
325,6,0.47,null
325,7,3,null
325,8,40.5,null
350,1,16,null
350,2,1926,12465
350,3,1959,13362
350,4,156,null
350,5,8,null
350,6,0.56,null
350,7,3,null
350,8,40.5,null
375,1,16,null
375,2,1888,12218
375,3,1901,12965
375,4,149,null
375,5,8,null
375,6,0.57,null
375,7,3,null
375,8,36,null
383,1,16,null
383,2,1983,12835
383,3,1940,13230
383,4,148,null
383,5,8,null
383,6,0.3,null
383,7,3,null
383,8,22.5,null
391,1,12,null
391,2,1475,8851
391,3,2058,12862
391,4,153,null
391,5,7.9,null
391,6,0.41,null
391,7,3,null
391,8,36,null
394,1,16,null
394,2,1857,12016
394,3,2048,13965
394,4,154,null
394,5,9,null
394,6,0.43,null
394,7,3,null
394,8,27,null
395,1,7,null
395,2,1364,7347
395,3,1742,9682
395,4,145,null
395,5,7.9,null
395,6,0.66,null
395,7,3,null
395,8,40.5,null
399,1,12,null
399,2,1499,8996
399,3,1920,12005
399,4,148,null
399,5,8,null
399,6,0.75,null
399,7,3,null
399,8,40.5,null
17,1,7,null
17,2,1334,7239
17,3,1726,9593
17,4,87,null
17,5,12.1,null
17,6,1.07,null
17,7,4,null
17,8,32,null
18,1,12,null
18,2,1520,9122
18,3,1899,11870
18,4,90,null
18,5,11.8,null
18,6,1.1,null
18,7,4,null
18,8,11.8,null
19,1,4,null
19,2,1029,5801
19,3,1722,9149
19,4,89,null
19,5,11.9,null
19,6,0.79,null
19,7,4,null
19,8,36,null
20,1,7,null
20,2,1315,7082
20,3,1817,10098
20,4,88,null
20,5,12.1,null
20,6,1.08,null
20,7,4,null
20,8,28,null
21,1,4,null
21,2,1168,6583
21,3,1498,7959
21,4,89,null
21,5,11.8,null
21,6,1.07,null
21,7,4,null
21,8,32,null
22,1,7,null
22,2,1344,7239
22,3,1779,9883
22,4,90,null
22,5,12.1,null
22,6,1.07,null
22,7,4,null
22,8,32,null
64,1,7,null
64,2,1334,6928
64,3,1726,10200
64,4,90,null
64,5,12.2,null
64,6,1.08,null
64,7,4,null
64,8,28,null
70,1,16,null
70,2,1758,11375
70,3,2174,14825
70,4,88,null
70,5,12.2,null
70,6,0.71,null
70,7,4,null
70,8,32,null
71,1,7,null
71,2,1277,6877
71,3,1817,10098
71,4,87,null
71,5,12.3,null
71,6,0.79,null
71,7,4,null
71,8,36,null
78,1,12,null
78,2,1661,9968
78,3,1881,11761
78,4,88,null
78,5,11.8,null
78,6,0.74,null
78,7,4,null
78,8,23,null
85,1,16,null
85,2,1850,11976
85,3,1999,13632
85,4,88,null
85,5,12.2,null
85,6,0.72,null
85,7,4,null
85,8,28,null
87,1,12,null
87,2,1488,8930
87,3,2040,12750
87,4,89,null
87,5,12.3,null
87,6,0.55,null
87,7,4,null
87,8,32,null
88,1,16,null
88,2,1766,11432
88,3,2174,14825
88,4,87,null
88,5,12.2,null
88,6,1.07,null
88,7,4,null
88,8,32,null
102,1,12,null
102,2,1608,9653
102,3,1817,11360
102,4,87,null
102,5,12.2,null
102,6,0.52,null
102,7,4,null
102,8,40,null
119,1,16,null
119,2,1699,10995
119,3,2288,15606
119,4,89,null
119,5,12.2,null
119,6,1.1,null
119,7,4,null
119,8,24,null
128,1,16,null
128,2,1657,10726
128,3,2221,15147
128,4,91,null
128,5,12.2,null
128,6,1.05,null
128,7,4,null
128,8,40,null
134,1,12,null
134,2,1489,8936
134,3,1899,11870
134,4,92,null
134,5,12,null
134,6,1.05,null
134,7,4,null
134,8,40,null
140,1,12,null
140,2,1462,8775
140,3,2080,13005
140,4,88,null
140,5,11.6,null
140,6,1.1,null
140,7,4,null
140,8,24,null
141,1,12,null
141,2,1543,9261
141,3,1899,11870
141,4,92,null
141,5,12.1,null
141,6,0.72,null
141,7,4,null
141,8,28,null
143,1,16,null
143,2,1666,10780
143,3,2244,15300
143,4,90,null
143,5,12,null
143,6,0.53,null
143,7,4,null
143,8,28,null
146,1,12,null
146,2,1375,8253
146,3,2099,13119
146,4,89,null
146,5,12.2,null
146,6,0.44,null
146,7,4,null
146,8,40,null
148,1,7,null
148,2,1304,7022
148,3,1726,9593
148,4,90,null
148,5,12,null
148,6,1.05,null
148,7,4,null
148,8,40,null
181,1,12,null
181,2,1528,9168
181,3,1938,12112
181,4,89,null
181,5,11.8,null
181,6,0.75,null
181,7,4,null
181,8,24,null
183,1,12,null
183,2,1354,8127
183,3,2120,13253
183,4,90,null
183,5,11.8,null
183,6,1.08,null
183,7,4,null
183,8,28,null
186,1,7,null
186,2,1261,6791
186,3,1799,9996
186,4,90,null
186,5,12.2,null
186,6,1.06,null
186,7,4,null
186,8,36,null
193,1,12,null
193,2,1547,9284
193,3,1938,12112
193,4,91,null
193,5,12.2,null
193,6,0.72,null
193,7,4,null
193,8,28,null
196,1,16,null
196,2,1598,10343
196,3,2356,16065
196,4,90,null
196,5,11.8,null
196,6,0.54,null
196,7,4,null
196,8,28,null
214,1,12,null
214,2,1339,8037
214,3,2244,14025
214,4,87,null
214,5,12,null
214,6,0.86,null
214,7,4,null
214,8,23,null
217,1,12,null
217,2,1522,9133
217,3,1976,12354
217,4,90,null
217,5,11.7,null
217,6,1.06,null
217,7,4,null
217,8,36,null
228,1,12,null
228,2,1382,8295
228,3,2142,13387
228,4,91,null
228,5,12.1,null
228,6,0.79,null
228,7,4,null
228,8,36,null
232,1,16,null
232,2,1674,10833
232,3,2300,15682
232,4,88,null
232,5,12.1,null
232,6,0.7,null
232,7,4,null
232,8,32,null
252,1,12,null
252,2,1602,9617
252,3,1817,11360
252,4,89,null
252,5,12.2,null
252,6,0.45,null
252,7,4,null
252,8,35,null
256,1,4,null
256,2,960,5413
256,3,1795,9537
256,4,88,null
256,5,12.1,null
256,6,0.71,null
256,7,4,null
256,8,36,null
266,1,12,null
266,2,1543,9261
266,3,1879,11749
266,4,91,null
266,5,12.1,null
266,6,0.76,null
266,7,4,null
266,8,28,null
279,1,12,null
279,2,1649,9896
279,3,1845,11532
279,4,90,null
279,5,12.2,null
279,6,0.86,null
279,7,4,null
279,8,36,null
280,1,16,null
280,2,1896,12273
280,3,1999,13632
280,4,93,null
280,5,12.2,null
280,6,0.59,null
280,7,4,null
280,8,26,null
283,1,12,null
283,2,1520,9122
283,3,1918,11991
283,4,87,null
283,5,12,null
283,6,0.63,null
283,7,4,null
283,8,32,null
288,1,12,null
288,2,1649,9896
288,3,1799,11245
288,4,89,null
288,5,12.2,null
288,6,1.1,null
288,7,4,null
288,8,24,null
300,1,16,null
300,2,1905,12332
300,3,1999,13632
300,4,88,null
300,5,12.2,null
300,6,0.55,null
300,7,4,null
300,8,24,null
312,1,16,null
312,2,1878,12154
312,3,2070,14114
312,4,90,null
312,5,12,null
312,6,0.65,null
312,7,4,null
312,8,23,null
313,1,12,null
313,2,1528,9168
313,3,1938,12112
313,4,89,null
313,5,12,null
313,6,0.64,null
313,7,4,null
313,8,36,null
329,1,16,null
329,2,1661,10753
329,3,2221,15147
329,4,91,null
329,5,12,null
329,6,0.47,null
329,7,4,null
329,8,32,null
341,1,3,null
341,2,1013,5574
341,3,1438,7194
341,4,87,null
341,5,11.8,null
341,6,0.41,null
341,7,4,null
341,8,36,null
347,1,12,null
347,2,1440,8643
347,3,2019,12622
347,4,93,null
347,5,11.8,null
347,6,0.71,null
347,7,4,null
347,8,32,null
368,1,16,null
368,2,1832,11858
368,3,2070,14114
368,4,90,null
368,5,11.8,null
368,6,0.72,null
368,7,4,null
368,8,28,null
381,1,16,null
381,2,1901,12302
381,3,2059,14045
381,4,89,null
381,5,12.3,null
381,6,0.72,null
381,7,4,null
381,8,28,null
23,1,7,null
23,2,1337,7200
23,3,1608,8937
23,4,194,null
23,5,9,null
23,6,0.58,null
23,7,3,null
23,8,35,null
24,1,4,null
24,2,929,5236
24,3,1731,9200
24,4,205,null
24,5,8.9,null
24,6,0.85,null
24,7,3,null
24,8,45,null
25,1,4,null
25,2,1097,6188
25,3,1488,7907
25,4,198,null
25,5,8.8,null
25,6,0.56,null
25,7,3,null
25,8,45,null
26,1,7,null
26,2,1168,6289
26,3,1823,10130
26,4,196,null
26,5,8.9,null
26,6,0.85,null
26,7,3,null
26,8,45,null
27,1,7,null
27,2,1314,7076
27,3,1625,9028
27,4,204,null
27,5,9.1,null
27,6,0.87,null
27,7,3,null
27,8,35,null
28,1,7,null
28,2,1366,7356
28,3,1555,8640
28,4,205,null
28,5,9,null
28,6,0.86,null
28,7,3,null
28,8,40,null
29,1,12,null
29,2,1382,8293
29,3,1975,12348
29,4,201,null
29,5,9,null
29,6,1,null
29,7,3,null
29,8,35,null
30,1,12,null
30,2,1335,8014
30,3,2090,13068
30,4,205,null
30,5,9,null
30,6,1.58,null
30,7,3,null
30,8,30,null
65,1,16,null
65,2,1750,11326
65,3,1881,12830
65,4,208,null
65,5,9,null
65,6,0.42,null
65,7,3,null
65,8,50,null
66,1,12,null
66,2,1504,9029
66,3,1805,11286
66,4,200,null
66,5,9.1,null
66,6,0.84,null
66,7,3,null
66,8,50,null
73,1,12,null
73,2,1543,9258
73,3,1805,11286
73,4,204,null
73,5,8.9,null
73,6,0.87,null
73,7,3,null
73,8,35,null
94,1,12,null
94,2,1489,8937
94,3,1787,11172
94,4,205,null
94,5,9,null
94,6,0.66,null
94,7,1,null
94,8,40,null
99,1,16,null
99,2,1591,10296
99,3,2048,13968
99,4,208,null
99,5,9,null
99,6,0.86,null
99,7,3,null
99,8,40,null
108,1,16,null
108,2,1786,11560
108,3,1938,13219
108,4,205,null
108,5,8.8,null
108,6,2,null
108,7,3,null
108,8,40,null
115,1,12,null
115,2,1636,9819
115,3,1728,10800
115,4,198,null
115,5,9,null
115,6,1.15,null
115,7,3,null
115,8,40,null
118,1,16,null
118,2,1850,11971
118,3,1881,12830
118,4,205,null
118,5,9,null
118,6,0.59,null
118,7,3,null
118,8,30,null
132,1,12,null
132,2,1535,9212
132,3,1824,11400
132,4,204,null
132,5,9.2,null
132,6,0.71,null
132,7,3,null
132,8,35,null
144,1,16,null
144,2,1854,12001
144,3,1900,12960
144,4,205,null
144,5,9,null
144,6,0.9,null
144,7,3,null
144,8,25,null
172,1,7,null
172,2,1216,6552
172,3,1728,9600
172,4,208,null
172,5,8.9,null
172,6,0.55,null
172,7,3,null
172,8,50,null
179,1,16,null
179,2,1665,10776
179,3,2090,14256
179,4,200,null
179,5,9,null
179,6,0.59,null
179,7,3,null
179,8,30,null
182,1,12,null
182,2,1600,9603
182,3,1710,10692
182,4,200,null
182,5,9,null
182,6,0.68,null
182,7,3,null
182,8,35,null
205,1,16,null
205,2,1795,11619
205,3,1948,13284
205,4,200,null
205,5,8.9,null
205,6,0.62,null
205,7,3,null
205,8,40,null
206,1,16,null
206,2,1836,11883
206,3,1938,13219
206,4,196,null
206,5,9.1,null
206,6,0.57,null
206,7,3,null
206,8,40,null
211,1,12,null
211,2,1425,8555
211,3,1900,11880
211,4,203,null
211,5,9,null
211,6,0.56,null
211,7,3,null
211,8,45,null
231,1,7,null
231,2,1194,6434
231,3,1886,10483
231,4,198,null
231,5,9,null
231,6,0.57,null
231,7,3,null
231,8,40,null
241,1,16,null
241,2,1766,11427
241,3,1986,13543
241,4,205,null
241,5,8.9,null
241,6,0.64,null
241,7,3,null
241,8,30,null
253,1,16,null
253,2,1681,10883
253,3,2069,14112
253,4,205,null
253,5,9,null
253,6,0.49,null
253,7,3,null
253,8,30,null
257,1,3,null
257,2,993,5461
257,3,1344,6720
257,4,200,null
257,5,8.9,null
257,6,0.65,null
257,7,3,null
257,8,45,null
263,1,12,null
263,2,1608,9651
263,3,1676,10476
263,4,200,null
263,5,9.1,null
263,6,0.52,null
263,7,3,null
263,8,45,null
273,1,7,null
273,2,1254,6756
273,3,1728,9600
273,4,200,null
273,5,9,null
273,6,0.86,null
273,7,3,null
273,8,40,null
274,1,16,null
274,2,1813,11737
274,3,1843,12571
274,4,205,null
274,5,8.9,null
274,6,0.58,null
274,7,3,null
274,8,35,null
277,1,16,null
277,2,1822,11795
277,3,1948,13284
277,4,208,null
277,5,8.9,null
277,6,0.58,null
277,7,3,null
277,8,33.7,null
291,1,12,null
291,2,1455,8730
291,3,1900,11880
291,4,205,null
291,5,8.8,null
291,6,0.53,null
291,7,3,null
291,8,35,null
296,1,16,null
296,2,1766,11427
296,3,2006,13680
296,4,204,null
296,5,8.9,null
296,6,0.59,null
296,7,3,null
296,8,30,null
315,1,12,null
315,2,1440,8642
315,3,1881,11760
315,4,205,null
315,5,9,null
315,6,0.57,null
315,7,3,null
315,8,40,null
322,1,12,null
322,2,1440,9506
322,3,1881,10854
322,4,204,null
322,5,9.1,null
322,6,0.66,null
322,7,3,null
322,8,45,null
326,1,12,null
326,2,1527,9166
326,3,1769,11058
326,4,205,null
326,5,9.1,null
326,6,0.87,null
326,7,3,null
326,8,35,null
331,1,16,null
331,2,1800,11651
331,3,1986,13543
331,4,205,null
331,5,9.1,null
331,6,0.6,null
331,7,3,null
331,8,25,null
332,1,12,null
332,2,1632,9795
332,3,1710,10692
332,4,205,null
332,5,9,null
332,6,0.86,null
332,7,3,null
332,8,40,null
342,1,16,null
342,2,1688,10923
342,3,2046,13953
342,4,198,null
342,5,8.9,null
342,6,0.52,null
342,7,3,null
342,8,45,null
349,1,16,null
349,2,1657,10723
349,3,2090,14256
349,4,197,null
349,5,9,null
349,6,0.41,null
349,7,3,null
349,8,33.7,null
366,1,12,null
366,2,1469,8817
366,3,1958,12240
366,4,200,null
366,5,9,null
366,6,0.42,null
366,7,3,null
366,8,45,null
387,1,12,null
387,2,1558,9349
387,3,1787,11172
387,4,200,null
387,5,9.1,null
387,6,0.55,null
387,7,3,null
387,8,30,null
397,1,16,null
397,2,1727,11175
397,3,2016,13748
397,4,198,null
397,5,8.9,null
397,6,0.57,null
397,7,3,null
397,8,38.7,null
401,1,12,null
401,2,1455,8730
401,3,1900,11880
401,4,208,null
401,5,9,null
401,6,0.51,null
401,7,3,null
401,8,35,null
31,1,7,null
31,2,1377,7418
31,3,1555,8643
31,4,50,null
31,5,10.9,null
31,6,1.64,null
31,7,3,null
31,8,34.5,null
32,1,7,null
32,2,1209,6514
32,3,1711,9506
32,4,48,null
32,5,10.8,null
32,6,1.58,null
32,7,3,null
32,8,48,null
33,1,4,null
33,2,1021,5758
33,3,1597,8484
33,4,48,null
33,5,10.8,null
33,6,1.66,null
33,7,3,null
33,8,30,null
34,1,4,null
34,2,1028,5798
34,3,1520,8080
34,4,50,null
34,5,10.8,null
34,6,1.59,null
34,7,3,null
34,8,45,null
35,1,7,null
35,2,1270,6839
35,3,1659,9216
35,4,50,null
35,5,11,null
35,6,0.81,null
35,7,3,null
35,8,36,null
36,1,3,null
36,2,944,5195
36,3,1425,7129
36,4,49,null
36,5,11,null
36,6,1.6,null
36,7,3,null
36,8,40.5,null
37,1,16,null
37,2,1637,10598
37,3,2091,14259
37,4,50,null
37,5,10.8,null
37,6,1.64,null
37,7,3,null
37,8,34.5,null
38,1,8,null
38,2,1222,6580
38,3,1728,9604
38,4,49,null
38,5,10.9,null
38,6,1.6,null
38,7,3,null
38,8,42,null
61,1,12,null
61,2,1436,8616
61,3,1824,11404
61,4,49,null
61,5,10.8,null
61,6,1.6,null
61,7,3,null
61,8,42,null
62,1,16,null
62,2,1629,10546
62,3,2091,14259
62,4,49,null
62,5,11,null
62,6,0.32,null
62,7,3,null
62,8,36,null
67,1,12,null
67,2,1294,7766
67,3,2091,13070
67,4,51,null
67,5,10.7,null
67,6,0.4,null
67,7,3,null
67,8,36,null
74,1,12,null
74,2,1438,8629
74,3,1901,11882
74,4,50,null
74,5,10.8,null
74,6,0.54,null
74,7,3,null
74,8,36,null
79,1,7,null
79,2,1246,6711
79,3,1711,9506
79,4,50,null
79,5,10.8,null
79,6,0.55,null
79,7,3,null
79,8,36,null
80,1,7,null
80,2,1113,5996
80,3,1959,10887
80,4,48,null
80,5,10.8,null
80,6,0.91,null
80,7,3,null
80,8,36,null
83,1,16,null
83,2,1645,10650
83,3,2091,14259
83,4,51,null
83,5,11,null
83,6,1.64,null
83,7,3,null
83,8,33,null
100,1,12,null
100,2,1438,8629
100,3,1901,11882
100,4,51,null
100,5,10.7,null
100,6,0.45,null
100,7,3,null
100,8,36,null
103,1,12,null
103,2,1325,7952
103,3,1901,11882
103,4,51,null
103,5,10.6,null
103,6,0.51,null
103,7,3,null
103,8,60,null
104,1,7,null
104,2,1273,6857
104,3,1642,9123
104,4,49,null
104,5,11,null
104,6,0.9,null
104,7,3,null
104,8,40.5,null
111,1,12,null
111,2,1372,8237
111,3,1996,12476
111,4,50,null
111,5,10.8,null
111,6,0.42,null
111,7,3,null
111,8,34.5,null
113,1,16,null
113,2,1801,11658
113,3,1901,12965
113,4,52,null
113,5,11,null
113,6,0.82,null
113,7,3,null
113,8,34.5,null
120,1,12,null
120,2,1510,9060
120,3,1806,11288
120,4,50,null
120,5,10.8,null
120,6,0.54,null
120,7,3,null
120,8,36,null
127,1,16,null
127,2,1637,10598
127,3,2091,14259
127,4,50,null
127,5,10.8,null
127,6,0.54,null
127,7,3,null
127,8,34.5,null
130,1,12,null
130,2,1510,9060
130,3,1824,11404
130,4,50,null
130,5,10.9,null
130,6,0.32,null
130,7,3,null
130,8,36,null
136,1,16,null
136,2,1677,10857
136,3,2027,13825
136,4,51,null
136,5,10.7,null
136,6,0.32,null
136,7,3,null
136,8,42,null
145,1,12,null
145,2,1410,8460
145,3,1920,12005
145,4,51,null
145,5,10.9,null
145,6,0.16,null
145,7,3,null
145,8,42,null
150,1,16,null
150,2,1629,10546
150,3,2091,14259
150,4,49,null
150,5,10.8,null
150,6,0.81,null
150,7,3,null
150,8,36,null
169,1,16,null
169,2,1423,9212
169,3,2324,15846
169,4,52,null
169,5,10.8,null
169,6,0.51,null
169,7,3,null
169,8,48,null
175,1,16,null
175,2,1677,10857
175,3,2007,13685
175,4,51,null
175,5,11.1,null
175,6,0.4,null
175,7,3,null
175,8,42,null
192,1,12,null
192,2,1445,8671
192,3,1960,12250
192,4,51,null
192,5,10.8,null
192,6,0.39,null
192,7,3,null
192,8,34.5,null
194,1,12,null
194,2,1438,8629
194,3,1940,12127
194,4,51,null
194,5,10.8,null
194,6,0.81,null
194,7,3,null
194,8,36,null
201,1,16,null
201,2,1629,10546
201,3,2091,14259
201,4,49,null
201,5,10.8,null
201,6,0.51,null
201,7,3,null
201,8,36,null
203,1,7,null
203,2,1184,6376
203,3,1796,9981
203,4,50,null
203,5,10.7,null
203,6,0.61,null
203,7,3,null
203,8,36,null
208,1,12,null
208,2,1399,8394
208,3,1806,11288
208,4,50,null
208,5,10.8,null
208,6,0.78,null
208,7,3,null
208,8,54,null
215,1,16,null
215,2,1661,10753
215,3,2112,14406
215,4,49,null
215,5,10.8,null
215,6,0.67,null
215,7,3,null
215,8,30,null
225,1,12,null
225,2,1589,9538
225,3,1764,11025
225,4,50,null
225,5,11,null
225,6,0.46,null
225,7,3,null
225,8,34.5,null
236,1,12,null
236,2,1438,8629
236,3,1920,12005
236,4,49,null
236,5,10.9,null
236,6,0.81,null
236,7,3,null
236,8,36,null
237,1,16,null
237,2,1757,11374
237,3,1882,12833
237,4,51,null
237,5,10.7,null
237,6,0.45,null
237,7,3,null
237,8,42,null
249,1,7,null
249,2,1184,6376
249,3,1815,10084
249,4,49,null
249,5,11,null
249,6,0.81,null
249,7,3,null
249,8,36,null
258,1,4,null
258,2,1085,6119
258,3,1459,7755
258,4,49,null
258,5,11,null
258,6,0.4,null
258,7,3,null
258,8,42,null
284,1,16,null
284,2,1629,10546
284,3,2112,14406
284,4,50,null
284,5,11,null
284,6,0.54,null
284,7,3,null
284,8,36,null
307,1,16,null
307,2,1506,9749
307,3,2195,14971
307,4,49,null
307,5,10.8,null
307,6,0.39,null
307,7,3,null
307,8,46.5,null
319,1,12,null
319,2,1402,8417
319,3,1901,11882
319,4,51,null
319,5,10.7,null
319,6,0.53,null
319,7,3,null
319,8,45,null
327,1,16,null
327,2,1757,11374
327,3,1901,12965
327,4,51,null
327,5,10.9,null
327,6,0.8,null
327,7,3,null
327,8,42,null
330,1,12,null
330,2,1366,8197
330,3,2016,12605
330,4,51,null
330,5,10.8,null
330,6,0.66,null
330,7,3,null
330,8,36,null
340,1,12,null
340,2,1438,8629
340,3,1901,11882
340,4,51,null
340,5,10.7,null
340,6,0.55,null
340,7,3,null
340,8,36,null
348,1,7,null
348,2,1252,6744
348,3,1711,9506
348,4,51,null
348,5,10.7,null
348,6,0.61,null
348,7,3,null
348,8,34.5,null
358,1,12,null
358,2,1582,9492
358,3,1746,10914
358,4,52,null
358,5,10.7,null
358,6,0.61,null
358,7,3,null
358,8,36,null
385,1,16,null
385,2,1920,11828
385,3,1828,13097
385,4,48,null
385,5,11,null
385,6,0.62,null
385,7,3,null
385,8,30,null
404,1,12,null
404,2,1294,7766
404,3,2091,13070
404,4,50,null
404,5,10.8,null
404,6,0.54,null
404,7,3,null
404,8,36,null
39,1,3,null
39,2,1042,5735
39,3,1244,6220
39,4,102,null
39,5,25.3,null
39,6,1.05,null
39,7,4,null
39,8,55,null
40,1,4,null
40,2,1114,6280
40,3,1429,7594
40,4,97,null
40,5,25.2,null
40,6,1.07,null
40,7,4,null
40,8,44,null
41,1,12,null
41,2,1497,8985
41,3,1843,11518
41,4,104,null
41,5,25,null
41,6,2.26,null
41,7,4,null
41,8,27.5,null
42,1,7,null
42,2,1338,7207
42,3,1492,8293
42,4,98,null
42,5,25.2,null
42,6,1.05,null
42,7,4,null
42,8,55,null
43,1,4,null
43,2,968,5456
43,3,1568,8309
43,4,102,null
43,5,24.8,null
43,6,1.06,null
43,7,4,null
43,8,49.5,null
44,1,4,null
44,2,1003,5654
44,3,1580,8393
44,4,98,null
44,5,25.2,null
44,6,0.71,null
44,7,4,null
44,8,49.5,null
45,1,3,null
45,2,977,5377
45,3,1313,6565
45,4,98,null
45,5,24.6,null
45,6,2.1,null
45,7,4,null
45,8,55,null
46,1,12,null
46,2,1568,9408
46,3,1675,10473
46,4,98,null
46,5,25.2,null
46,6,2.15,null
46,7,4,null
46,8,44,null
75,1,16,null
75,2,1786,11557
75,3,1862,12696
75,4,97,null
75,5,25.5,null
75,6,1.07,null
75,7,4,null
75,8,44,null
81,1,7,null
81,2,1173,6320
81,3,1741,9675
81,4,9,null
81,5,5,null
81,6,1.02,null
81,7,5,null
81,8,58.5,null
86,1,16,null
86,2,1817,11761
86,3,1862,12696
86,4,98,null
86,5,25.6,null
86,6,0.81,null
86,7,4,null
86,8,38.5,null
92,1,12,null
92,2,1477,8867
92,3,1768,11055
92,4,102,null
92,5,25.6,null
92,6,0.8,null
92,7,4,null
92,8,44,null
109,1,12,null
109,2,1493,8958
109,3,1786,11168
109,4,97,null
109,5,25.6,null
109,6,0.28,null
109,7,4,null
109,8,44,null
110,1,7,null
110,2,1241,6686
110,3,1675,9310
110,4,97,null
110,5,25.5,null
110,6,0.38,null
110,7,4,null
110,8,44,null
112,1,16,null
112,2,1853,11993
112,3,1881,12825
112,4,98,null
112,5,25,null
112,6,0.55,null
112,7,4,null
112,8,31.6,null
117,1,7,null
117,2,1316,7091
117,3,1592,8844
117,4,100,null
117,5,25.6,null
117,6,0.54,null
117,7,4,null
117,8,38.5,null
124,1,7,null
124,2,1232,6636
124,3,1675,9310
124,4,102,null
124,5,25.6,null
124,6,0.53,null
124,7,4,null
124,8,44,null
133,1,12,null
133,2,1508,9049
133,3,1786,11168
133,4,98,null
133,5,25.6,null
133,6,0.71,null
133,7,4,null
133,8,44,null
139,1,16,null
139,2,1713,11088
139,3,1965,13402
139,4,98,null
139,5,25.5,null
139,6,1.06,null
139,7,4,null
139,8,49.5,null
154,1,16,null
154,2,1831,11848
154,3,1956,13338
154,4,98,null
154,5,25.5,null
154,6,1,null
154,7,4,null
154,8,49.5,null
159,1,12,null
159,2,1443,8661
159,3,1862,11637
159,4,100,null
159,5,25.6,null
159,6,0.71,null
159,7,4,null
159,8,49.5,null
170,1,12,null
170,2,1496,8981
170,3,1750,10942
170,4,102,null
170,5,25.5,null
170,6,0.87,null
170,7,4,null
170,8,38.5,null
177,1,12,null
177,2,1468,8812
177,3,1843,11518
177,4,102,null
177,5,25,null
177,6,0.78,null
177,7,3,null
177,8,33,null
185,1,12,null
185,2,1418,8510
185,3,1862,11637
185,4,99,null
185,5,25.5,null
185,6,0.8,null
185,7,4,null
185,8,44,null
188,1,12,null
188,2,1489,8935
188,3,1768,11055
188,4,100,null
188,5,25.5,null
188,6,0.71,null
188,7,4,null
188,8,44,null
189,1,16,null
189,2,1672,10824
189,3,2027,13822
189,4,102,null
189,5,24.6,null
189,6,0.83,null
189,7,4,null
189,8,31.6,null
199,1,16,null
199,2,1747,11309
199,3,1945,13266
199,4,102,null
199,5,24.7,null
199,6,0.39,null
199,7,4,null
199,8,33,null
210,1,7,null
210,2,1277,6879
210,3,1592,8844
210,4,97,null
210,5,25,null
210,6,0.79,null
210,7,4,null
210,8,55,null
218,1,12,null
218,2,1576,9456
218,3,1692,10580
218,4,102,null
218,5,25.3,null
218,6,0.54,null
218,7,4,null
218,8,38.5,null
230,1,12,null
230,2,1328,7970
230,3,2142,13389
230,4,97,null
230,5,24.7,null
230,6,0.75,null
230,7,4,null
230,8,31.6,null
235,1,16,null
235,2,1772,11470
235,3,1843,12568
235,4,97,null
235,5,25.3,null
235,6,0.99,null
235,7,4,null
235,8,55,null
239,1,16,null
239,2,1781,11528
239,3,1890,12889
239,4,100,null
239,5,25,null
239,6,0.74,null
239,7,4,null
239,8,31.6,null
243,1,12,null
243,2,1576,9456
243,3,1692,10580
243,4,99,null
243,5,25,null
243,6,0.71,null
243,7,4,null
243,8,44,null
259,1,3,null
259,2,997,5488
259,3,1244,6220
259,4,100,null
259,5,24.7,null
259,6,0.52,null
259,7,4,null
259,8,55,null
267,1,12,null
267,2,1556,9337
267,3,1658,10366
267,4,99,null
267,5,25.3,null
267,6,0.92,null
267,7,4,null
267,8,49.5,null
304,1,12,null
304,2,1572,9434
304,3,1786,11168
304,4,100,null
304,5,25.6,null
304,6,0.56,null
304,7,4,null
304,8,27.5,null
314,1,16,null
314,2,1795,11616
314,3,1918,13081
314,4,102,null
314,5,25.5,null
314,6,0.76,null
314,7,4,null
314,8,33,null
359,1,12,null
359,2,1623,9741
359,3,1692,10580
359,4,100,null
359,5,25.5,null
359,6,0.23,null
359,7,4,null
359,8,31.6,null
360,1,12,null
360,2,1623,9741
360,3,1692,10580
360,4,100,null
360,5,25.5,null
360,6,0.23,null
360,7,4,null
360,8,31.6,null
361,1,12,null
361,2,1623,9741
361,3,1692,10580
361,4,100,null
361,5,25.5,null
361,6,0.23,null
361,7,4,null
361,8,31.6,null
365,1,16,null
365,2,1700,11004
365,3,1965,13402
365,4,98,null
365,5,25.5,null
365,6,0.53,null
365,7,4,null
365,8,49.5,null
371,1,16,null
371,2,1697,10982
371,3,2131,14535
371,4,99,null
371,5,25.5,null
371,6,0.41,null
371,7,4,null
371,8,33,null
378,1,12,null
378,2,1481,8890
378,3,1755,10971
378,4,104,null
378,5,24.2,null
378,6,0.47,null
378,7,4,null
378,8,49.5,null
380,1,16,null
380,2,1804,11674
380,3,1843,12568
380,4,102,null
380,5,25,null
380,6,0.5,null
380,7,4,null
380,8,37.1,null
47,1,12,null
47,2,1775,10655
47,3,1652,10327
47,4,10,null
47,5,5,null
47,6,1.07,null
47,7,5,null
47,8,39,null
48,1,12,null
48,2,1746,10477
48,3,1652,10327
48,4,10,null
48,5,5,null
48,6,0.5,null
48,7,5,null
48,8,52,null
49,1,7,null
49,2,1507,8119
49,3,1494,8302
49,4,9,null
49,5,5,null
49,6,1.04,null
49,7,5,null
49,8,50.3,null
50,1,3,null
50,2,922,5073
50,3,1544,7722
50,4,9,null
50,5,4.9,null
50,6,1.01,null
50,7,5,null
50,8,65,null
51,1,16,null
51,2,1964,12712
51,3,1782,12150
51,4,9,null
51,5,5,null
51,6,1.03,null
51,7,5,null
51,8,52,null
52,1,16,null
52,2,1777,11499
52,3,2019,13770
52,4,9,null
52,5,4.9,null
52,6,0.5,null
52,7,5,null
52,8,45.5,null
53,1,3,null
53,2,1097,6037
53,3,1320,6604
53,4,9,null
53,5,4.9,null
53,6,0.68,null
53,7,5,null
53,8,58.5,null
54,1,4,null
54,2,1374,6831
54,3,1211,7303
54,4,9,null
54,5,5,null
54,6,0.68,null
54,7,5,null
54,8,56.8,null
55,1,7,null
55,2,1412,7608
55,3,1577,8763
55,4,9,null
55,5,5,null
55,6,0.67,null
55,7,5,null
55,8,65,null
56,1,7,null
56,2,1233,6644
56,3,1649,9166
56,4,9,null
56,5,4.9,null
56,6,2.03,null
56,7,5,null
56,8,65,null
57,1,4,null
57,2,1116,6290
57,3,1447,7688
57,4,9,null
57,5,4.9,null
57,6,1.02,null
57,7,5,null
57,8,58.5,null
58,1,12,null
58,2,1504,9026
58,3,1833,11458
58,4,10,null
58,5,5,null
58,6,0.71,null
58,7,5,null
58,8,39,null
82,1,12,null
82,2,1573,9441
82,3,1710,10687
82,4,10,null
82,5,4.9,null
82,6,0.83,null
82,7,5,null
82,8,58.5,null
89,1,12,null
89,2,1707,10247
89,3,1652,10327
89,4,10,null
89,5,4.9,null
89,6,0.68,null
89,7,5,null
89,8,58.5,null
97,1,16,null
97,2,1573,10184
97,3,2232,15221
97,4,10,null
97,5,5,null
97,6,0.5,null
97,7,5,null
97,8,56.8,null
98,1,16,null
98,2,1979,12805
98,3,1790,12210
98,4,9,null
98,5,5.1,null
98,6,0.69,null
98,7,5,null
98,8,52,null
114,1,16,null
114,2,1786,11556
114,3,1980,13500
114,4,9,null
114,5,4.9,null
114,6,0.46,null
114,7,5,null
114,8,39,null
116,1,12,null
116,2,1606,9636
116,3,1752,10954
116,4,10,null
116,5,4.9,null
116,6,1.03,null
116,7,5,null
116,8,52,null
155,1,16,null
155,2,1717,11113
155,3,2079,14175
155,4,9,null
155,5,5,null
155,6,1.07,null
155,7,5,null
155,8,37.3,null
161,1,16,null
161,2,1868,12089
161,3,1764,12028
161,4,9,null
161,5,4.9,null
161,6,1.08,null
161,7,5,null
161,8,65,null
162,1,12,null
162,2,1490,8945
162,3,1764,11025
162,4,10,null
162,5,4.9,null
162,6,1.03,null
162,7,5,null
162,8,52,null
171,1,12,null
171,2,1750,10502
171,3,1628,10175
171,4,10,null
171,5,4.9,null
171,6,1.07,null
171,7,5,null
171,8,39,null
174,1,3,null
174,2,1099,6044
174,3,1239,6196
174,4,9,null
174,5,4.9,null
174,6,0.67,null
174,7,5,null
174,8,65,null
178,1,12,null
178,2,1691,10146
178,3,1603,10023
178,4,10,null
178,5,5,null
178,6,0.93,null
178,7,5,null
178,8,52,null
202,1,12,null
202,2,1634,9806
202,3,1701,10634
202,4,9,null
202,5,5.1,null
202,6,1.05,null
202,7,5,null
202,8,45.5,null
219,1,12,null
219,2,1716,10298
219,3,1587,9922
219,4,9,null
219,5,5,null
219,6,0.52,null
219,7,5,null
219,8,45.5,null
226,1,16,null
226,2,1794,11613
226,3,2019,13770
226,4,9,null
226,5,5.1,null
226,6,0.51,null
226,7,5,null
226,8,52,null
247,1,16,null
247,2,1803,11669
247,3,2029,13837
247,4,9,null
247,5,5.1,null
247,6,0.98,null
247,7,5,null
247,8,35.7,null
251,1,7,null
251,2,1436,7732
251,3,1443,8019
251,4,9,null
251,5,4.9,null
251,6,0.5,null
251,7,5,null
251,8,65,null
260,1,4,null
260,2,1221,6884
260,3,1296,6885
260,4,9,null
260,5,5,null
260,6,0.51,null
260,7,5,null
260,8,58.5,null
261,1,16,null
261,2,1964,12712
261,3,1782,12150
261,4,9,null
261,5,5,null
261,6,0.51,null
261,7,5,null
261,8,52,null
282,1,12,null
282,2,1529,9177
282,3,1800,11250
282,4,9,null
282,5,4.9,null
282,6,0.85,null
282,7,5,null
282,8,45.5,null
287,1,12,null
287,2,1699,10197
287,3,1603,10023
287,4,10,null
287,5,5.1,null
287,6,0.85,null
287,7,5,null
287,8,45.5,null
306,1,16,null
306,2,1764,11414
306,3,2059,14040
306,4,9,null
306,5,4.8,null
306,6,0.6,null
306,7,5,null
306,8,43.8,null
309,1,16,null
309,2,1884,12193
309,3,1824,12440
309,4,10,null
309,5,5,null
309,6,0.53,null
309,7,5,null
309,8,37.3,null
323,1,12,null
323,2,1657,9942
323,3,1587,9922
323,4,10,null
323,5,5,null
323,6,1,null
323,7,5,null
323,8,65,null
345,1,12,null
345,2,1733,10400
345,3,1587,9922
345,4,10,null
345,5,4.9,null
345,6,0.53,null
345,7,5,null
345,8,39,null
355,1,16,null
355,2,2003,12961
355,3,1782,12150
355,4,9,null
355,5,4.9,null
355,6,0.38,null
355,7,5,null
355,8,32.5,null
362,1,16,null
362,2,1926,12463
362,3,1764,12028
362,4,9,null
362,5,4.9,null
362,6,0.7,null
362,7,5,null
362,8,45.5,null
382,1,12,null
382,2,1568,9409
382,3,1800,11250
382,4,10,null
382,5,4.9,null
382,6,0.32,null
382,7,5,null
382,8,45.5,null
386,1,16,null
386,2,1875,12134
386,3,1862,12696
386,4,10,null
386,5,5,null
386,6,0.4,null
386,7,5,null
386,8,39,null
398,1,12,null
398,2,1674,10044
398,3,1620,10125
398,4,10,null
398,5,4.9,null
398,6,0.67,null
398,7,5,null
398,8,65,null
59,1,16,null
59,2,1482,9593
59,3,2420,16500
59,4,99,null
59,5,10.1,null
59,6,0.76,null
59,7,3,null
59,8,21,null
93,1,16,null
93,2,1695,10972
93,3,2069,14107
93,4,100,null
93,5,10,null
93,6,0.86,null
93,7,3,null
93,8,21,null
135,1,12,null
135,2,1591,9546
135,3,1800,11250
135,4,102,null
135,5,10,null
135,6,0.76,null
135,7,3,null
135,8,21,null
173,1,16,null
173,2,1776,11495
173,3,1960,13365
173,4,100,null
173,5,10,null
173,6,0.76,null
173,7,3,null
173,8,24.5,null
229,1,16,null
229,2,1541,9977
229,3,2321,15828
229,4,100,null
229,5,10,null
229,6,0.47,null
229,7,3,null
229,8,23.6,null
233,1,12,null
233,2,1614,9687
233,3,1809,11306
233,4,104,null
233,5,10,null
233,6,0.71,null
233,7,3,null
233,8,21,null
242,1,12,null
242,2,1622,9734
242,3,1845,11531
242,4,100,null
242,5,9.9,null
242,6,0.43,null
242,7,3,null
242,8,17.5,null
265,1,16,null
265,2,1482,9593
265,3,2480,16912
265,4,100,null
265,5,10,null
265,6,0.57,null
265,7,3,null
265,8,21,null
292,1,16,null
292,2,1647,10659
292,3,2200,15000
292,4,100,null
292,5,9.9,null
292,6,0.57,null
292,7,3,null
292,8,21,null
305,1,16,null
305,2,1754,11351
305,3,2029,13837
305,4,101,null
305,5,9.9,null
305,6,0.57,null
305,7,3,null
305,8,28.8,null
320,1,12,null
320,2,1526,9157
320,3,1881,11756
320,4,102,null
320,5,10,null
320,6,0.67,null
320,7,3,null
320,8,21,null
346,1,16,null
346,2,1615,10450
346,3,2183,14887
346,4,102,null
346,5,10,null
346,6,0.37,null
346,7,3,null
346,8,24.5,null
357,1,16,null
357,2,1679,10868
357,3,2178,14850
357,4,102,null
357,5,9.8,null
357,6,0.78,null
357,7,3,null
357,8,17.5,null
364,1,12,null
364,2,1496,8977
364,3,1881,11756
364,4,99,null
364,5,10.1,null
364,6,0.41,null
364,7,3,null
364,8,24.5,null
374,1,16,null
374,2,1564,10126
374,3,2286,15592
374,4,104,null
374,5,9.9,null
374,6,0.55,null
374,7,3,null
374,8,21,null
390,1,16,null
390,2,1776,11495
390,3,1980,13500
390,4,102,null
390,5,10.4,null
390,6,0.42,null
390,7,3,null
390,8,24.5,null
400,1,16,null
400,2,1776,11495
400,3,1960,13365
400,4,99,null
400,5,10.2,null
400,6,0.62,null
400,7,3,null
400,8,24.5,null
96,1,16,null
96,2,1953,12641
96,3,1785,12177
96,4,30,null
96,5,5.9,null
96,6,0.62,null
96,7,5,null
96,8,7,null
106,1,16,null
106,2,2046,13244
106,3,1724,11761
106,4,29,null
106,5,6,null
106,6,0.83,null
106,7,5,null
106,8,5.7,null
107,1,4,null
107,2,1008,5683
107,3,1502,7981
107,4,29,null
107,5,6,null
107,6,0.79,null
107,7,5,null
107,8,9,null
147,1,12,null
147,2,1784,10706
147,3,1631,10197
147,4,29,null
147,5,6,null
147,6,0.37,null
147,7,5,null
147,8,7,null
158,1,12,null
158,2,1771,10628
158,3,1591,9949
158,4,29,null
158,5,6,null
158,6,0.79,null
158,7,5,null
158,8,10,null
204,1,7,null
204,2,1509,8125
204,3,1411,7840
204,4,30,null
204,5,6.1,null
204,6,0.7,null
204,7,5,null
204,8,8,null
250,1,16,null
250,2,1953,12641
250,3,1724,11761
250,4,30,null
250,5,5.9,null
250,6,0.49,null
250,7,5,null
250,8,7,null
268,1,16,null
268,2,1949,12612
268,3,1912,13041
268,4,29,null
268,5,6,null
268,6,0.69,null
268,7,5,null
268,8,5,null
303,1,16,null
303,2,1963,12705
303,3,1777,12117
303,4,30,null
303,5,6.1,null
303,6,0.81,null
303,7,5,null
303,8,7,null
321,1,16,null
321,2,2042,13213
321,3,1729,11790
321,4,29,null
321,5,6.1,null
321,6,0.52,null
321,7,5,null
321,8,5,null
328,1,12,null
328,2,1645,9872
328,3,1638,10241
328,4,29,null
328,5,6,null
328,6,0.45,null
328,7,5,null
328,8,8,null
356,1,12,null
356,2,1706,10239
356,3,1568,9801
356,4,29,null
356,5,6,null
356,6,0.53,null
356,7,5,null
356,8,8,null
370,1,16,null
370,2,1949,12612
370,3,1802,12289
370,4,31,null
370,5,6,null
370,6,0.37,null
370,7,5,null
370,8,5,null
388,1,12,null
388,2,1637,9823
388,3,1705,10659
388,4,29,null
388,5,6,null
388,6,0.71,null
388,7,5,null
388,8,8,null
403,1,16,null
403,2,1921,12430
403,3,1848,12602
403,4,29,null
403,5,5.9,null
403,6,0.55,null
403,7,5,null
403,8,5.7,null
166,1,12,null
166,2,1366,8197
166,3,2182,13643
166,4,52,null
166,5,14.7,null
166,6,0.61,null
166,7,3,null
166,8,0.6,null
220,1,16,null
220,2,1728,11182
220,3,2172,14812
220,4,52,null
220,5,14.8,null
220,6,0.61,null
220,7,3,null
220,8,0.5,null
244,1,16,null
244,2,1416,9166
244,3,2617,17844
244,4,51,null
244,5,14.5,null
244,6,0.35,null
244,7,3,null
244,8,0.7,null
285,1,16,null
285,2,1719,11128
285,3,2249,15336
285,4,50,null
285,5,14.8,null
285,6,0.6,null
285,7,3,null
285,8,0.5,null
351,1,16,null
351,2,1792,11601
351,3,2079,14175
351,4,50,null
351,5,15,null
351,6,0.45,null
351,7,3,null
351,8,0.6,null
163,1,16,null
163,2,1807,11692
163,3,1965,13402
163,4,100,null
163,5,10.2,null
163,6,0.92,null
163,7,4,null
163,8,30,null
164,1,12,null
164,2,1716,10299
164,3,1744,10901
164,4,97,null
164,5,9.9,null
164,6,0.77,null
164,7,4,null
164,8,35,null
167,1,16,null
167,2,1803,11668
167,3,2142,14606
167,4,97,null
167,5,10,null
167,6,0.55,null
167,7,4,null
167,8,25,null
190,1,12,null
190,2,1666,9997
190,3,1744,10901
190,4,97,null
190,5,9.7,null
190,6,0.9,null
190,7,4,null
190,8,50,null
191,1,12,null
191,2,1666,9997
191,3,1744,10901
191,4,97,null
191,5,9.7,null
191,6,0.9,null
191,7,4,null
191,8,50,null
209,1,16,null
209,2,1926,12465
209,3,1862,12696
209,4,99,null
209,5,10.2,null
209,6,0.77,null
209,7,4,null
209,8,35,null
224,1,16,null
224,2,1803,11668
224,3,2048,13965
224,4,102,null
224,5,10.2,null
224,6,0.83,null
224,7,4,null
224,8,25,null
238,1,16,null
238,2,1983,12835
238,3,1956,13338
238,4,100,null
238,5,10.2,null
238,6,0.56,null
238,7,4,null
238,8,45,null
297,1,16,null
297,2,1893,12252
297,3,1945,13266
297,4,100,null
297,5,9.7,null
297,6,0.7,null
297,7,4,null
297,8,25,null
336,1,16,null
336,2,1983,12835
336,3,1881,12825
336,4,98,null
336,5,10,null
336,6,0.8,null
336,7,4,null
336,8,25,null
338,1,12,null
338,2,1545,9271
338,3,1976,12350
338,4,98,null
338,5,9.8,null
338,6,0.47,null
338,7,4,null
338,8,35,null
339,1,16,null
339,2,1784,11545
339,3,1985,13537
339,4,97,null
339,5,9.9,null
339,6,0.86,null
339,7,4,null
339,8,40,null
352,1,7,null
352,2,1359,7318
352,3,1675,9310
352,4,100,null
352,5,9.8,null
352,6,0.59,null
352,7,4,null
352,8,28.7,null
369,1,16,null
369,2,1716,11107
369,3,2069,14107
369,4,98,null
369,5,10,null
369,6,0.42,null
369,7,4,null
369,8,45,null
376,1,16,null
376,2,1768,11444
376,3,2069,14107
376,4,104,null
376,5,9.8,null
376,6,0.44,null
376,7,4,null
376,8,30,null
195,1,16,null
195,2,1870,12100
195,3,2019,13770
195,4,148,null
195,5,14.8,null
195,6,0.25,null
195,7,3,null
195,8,7,null
198,1,16,null
198,2,1870,12100
198,3,1940,13230
198,4,153,null
198,5,15,null
198,6,0.33,null
198,7,3,null
198,8,7,null
222,1,12,null
222,2,1625,9751
222,3,1800,11250
222,4,147,null
222,5,15,null
222,6,0.64,null
222,7,3,null
222,8,10,null
275,1,16,null
275,2,1907,12342
275,3,1960,13365
275,4,147,null
275,5,15,null
275,6,0.51,null
275,7,3,null
275,8,6,null
281,1,16,null
281,2,1615,10450
281,3,2286,15592
281,4,153,null
281,5,15.1,null
281,6,0.56,null
281,7,3,null
281,8,7,null
289,1,16,null
289,2,1820,11781
289,3,2090,14250
289,4,150,null
289,5,15,null
289,6,0.86,null
289,7,3,null
289,8,6,null
295,1,16,null
295,2,1734,11220
295,3,2200,15000
295,4,147,null
295,5,14.9,null
295,6,0.76,null
295,7,3,null
295,8,6,null
308,1,12,null
308,2,1507,9045
308,3,1980,12375
308,4,153,null
308,5,15,null
308,6,0.9,null
308,7,3,null
308,8,6.7,null
324,1,16,null
324,2,1679,10868
324,3,2367,16143
324,4,148,null
324,5,14.7,null
324,6,0.78,null
324,7,3,null
324,8,5,null
334,1,16,null
334,2,1734,11220
334,3,2156,14700
334,4,153,null
334,5,14.8,null
334,6,0.67,null
334,7,3,null
334,8,6,null
373,1,16,null
373,2,1944,12584
373,3,1960,13365
373,4,153,null
373,5,15,null
373,6,0.78,null
373,7,3,null
373,8,5,null
389,1,12,null
389,2,1537,9225
389,3,2000,12500
389,4,148,null
389,5,14.8,null
389,6,0.41,null
389,7,3,null
389,8,5.7,null
393,1,16,null
393,2,1935,12523
393,3,1980,13500
393,4,150,null
393,5,15.3,null
393,6,0.75,null
393,7,3,null
393,8,7,null
316,1,16,null
316,2,1825,11810
316,3,1945,13266
316,4,104,null
316,5,20.5,null
316,6,0.59,null
316,7,3,null
316,8,18,null
335,1,12,null
335,2,1646,9879
335,3,1786,11168
335,4,98,null
335,5,19.8,null
335,6,0.59,null
335,7,3,null
335,8,17.2,null
353,1,16,null
353,2,1786,11556
353,3,2027,13822
353,4,102,null
353,5,19.8,null
353,6,0.53,null
353,7,3,null
353,8,16.5,null
367,1,12,null
367,2,1606,9639
367,3,1768,11055
367,4,104,null
367,5,20,null
367,6,0.77,null
367,7,3,null
367,8,21,null
372,1,12,null
372,2,1453,8721
372,3,1975,12344
372,4,97,null
372,5,19.8,null
372,6,0.58,null
372,7,3,null
372,8,21,null
392,1,12,null
392,2,1638,9831
392,3,1841,11506
392,4,99,null
392,5,19.8,null
392,6,0.59,null
392,7,3,null
392,8,18,null
149,1,16,null
149,2,2101,13596
149,3,2745,18720
149,4,104,null
149,5,9.9,null
149,6,0,null
149,7,0,null
149,8,11,null
151,1,16,null
151,2,2268,24721
151,3,11400,688560
151,4,0,null
151,5,0,null
151,6,0,null
151,7,0,null
151,8,0,null
168,1,16,null
168,2,13728,null
168,3,18720,null
168,4,102,null
168,5,10,null
168,6,0.55,null
168,7,3,null
168,8,0,null
240,1,16,null
240,2,2080,13464
240,3,2745,18720
240,4,100,null
240,5,10.2,null
240,6,0.58,null
240,7,3,null
240,8,0,null
333,1,0,null
333,2,0,null
333,3,0,null
333,4,0,null
333,5,0,null
333,6,0,null
333,7,0,null
333,8,0,null
377,1,16,null
377,2,1964,12712
377,3,1930,13160
377,4,147,null
377,5,10.2,null
377,6,0.57,null
377,7,3,null
377,8,0.6,null